{
  "$schema": "https://schemas.wp.org/trunk/theme.json",
  "version": 2,
  "styles": {
    "elements": {
      "link": {
        "typography": {
          "textDecoration": "none"
        }
      }
    }
  },
  "settings": {
    "color": {
      "palette": [
        {
          "name": "Primary",
          "slug": "primary",
          "color": "#446084"
        },
        {
          "name": "Secondary",
          "slug": "secondary",
          "color": "#d26e4b"
        },
        {
          "name": "Success",
          "slug": "success",
          "color": "#7a9c59"
        },
        {
          "name": "Alert",
          "slug": "alert",
          "color": "#b20000"
        }
      ]
    }
  }
}
